{"cameraMode":{"drawMode":0,"name":"Shaded","section":"Shading Mode"},"sceneLighting":false,"audioPlay":false,"sceneViewState":{"m_AlwaysRefresh":false,"showFog":true,"showSkybox":false,"showFlares":true,"showImageEffects":true,"showParticleSystems":true,"showVisualEffectGraphs":true,"m_FxEnabled":true},"in2DMode":false,"pivot":{"x":-82.57623291015625,"y":144.99722290039063,"z":1.8113813400268555},"rotation":{"x":-0.35667699575424197,"y":-0.11809361726045609,"z":0.04550924152135849,"w":-0.9256054162979126},"size":23.212160110473634,"orthographic":false}