{"cameraMode":{"drawMode":0,"name":"Shaded","section":"Shading Mode"},"sceneLighting":false,"audioPlay":false,"sceneViewState":{"m_AlwaysRefresh":false,"showFog":true,"showSkybox":false,"showFlares":true,"showImageEffects":true,"showParticleSystems":true,"showVisualEffectGraphs":true,"m_FxEnabled":true},"in2DMode":false,"pivot":{"x":-46.713958740234378,"y":1.4440021514892579,"z":6.440277099609375},"rotation":{"x":0.2685799300670624,"y":-0.1793004274368286,"z":0.050962142646312717,"w":0.9450423717498779},"size":23.103296279907228,"orthographic":false}