{"cameraMode":{"drawMode":0,"name":"Shaded","section":"Shading Mode"},"sceneLighting":true,"audioPlay":false,"sceneViewState":{"m_AlwaysRefresh":false,"showFog":true,"showSkybox":true,"showFlares":true,"showImageEffects":true,"showParticleSystems":true,"showVisualEffectGraphs":true,"m_FxEnabled":true},"in2DMode":false,"pivot":{"x":1.5160980224609376,"y":-12.541915893554688,"z":25.484092712402345},"rotation":{"x":-0.18737585842609406,"y":0.8124982714653015,"z":-0.38231945037841799,"w":-0.39820823073387148},"size":155.66339111328126,"orthographic":false}